{
  "hash": "380b91c6",
  "configHash": "9912fcd6",
  "lockfileHash": "3c4a7fef",
  "browserHash": "58e6ecd3",
  "optimized": {
    "react": {
      "src": "../../node_modules/react/index.js",
      "file": "react.js",
      "fileHash": "8a8bbdc2",
      "needsInterop": true
    },
    "react-dom/client": {
      "src": "../../node_modules/react-dom/client.js",
      "file": "react-dom_client.js",
      "fileHash": "368bb66b",
      "needsInterop": true
    },
    "react-router-dom": {
      "src": "../../node_modules/react-router-dom/dist/index.mjs",
      "file": "react-router-dom.js",
      "fileHash": "7d37e8dd",
      "needsInterop": false
    },
    "axios": {
      "src": "../../node_modules/axios/index.js",
      "file": "axios.js",
      "fileHash": "02f2817a",
      "needsInterop": false
    },
    "@gsap/react": {
      "src": "../../node_modules/@gsap/react/src/index.js",
      "file": "@gsap_react.js",
      "fileHash": "493f3d83",
      "needsInterop": false
    },
    "gsap": {
      "src": "../../node_modules/gsap/index.js",
      "file": "gsap.js",
      "fileHash": "2f6b54ca",
      "needsInterop": false
    }
  },
  "chunks": {
    "chunk-5HNGYYSW": {
      "file": "chunk-5HNGYYSW.js"
    },
    "chunk-TVFQMRVC": {
      "file": "chunk-TVFQMRVC.js"
    },
    "chunk-62JSFNXT": {
      "file": "chunk-62JSFNXT.js"
    },
    "chunk-G3PMV62Z": {
      "file": "chunk-G3PMV62Z.js"
    }
  }
}